"Sector(s):","Total Bilateral Aid To All Sectors","","Flow(s):","ODA","","Donor(s):","All Donors, Total","","Flow Type(s):","Net Disbursements","","Amount:","Current Prices (USD millions)","",

"","Time Period","1960","1961","1962","1963","1964","1965","1966","1967","1968","1969","1970","1971","1972","1973","1974","1975","1976","1977","1978","1979","1980","1981","1982","1983","1984","1985","1986","1987","1988","1989","1990","1991","1992","1993","1994","1995","1996","1997","1998","1999","2000","2001","2002","2003","2004","2005","2006","2007","2008","2009","2010","2011","2012","2013","2014","2015","2016",
"Recipient(s)",
"All Developing Countries, Total","","4254.86","5219.89","5440.11","5962.44","5835.85","6243.7","6416.38","6624.13","6304.1","6175.38","6838.55","7765.19","8247.68","10921.95","14633.23","18785.34","18096.6","18945.54","25389.34","28738.86","34543.1","33292.81","30290.82","29138.36","30283.98","32268.05","37740.17","41628.12","44716.37","46401.24","58548.39","61862.8","60825.32","56128.42","60299.67","59271.56","56557.05","49171.19","51919.81","53224.93","50072.13","52295.6","62038.44","71642.98","79934.26","108542.42","107280.38","108844.85","127339.71","127444.89","131573.94","141809.79","133751.6","151137.93","161729.79","152731.54","157704.5"
"Afghanistan","","17.18","34.67","16.93","36.67","46.17","53.93","50.36","40.6","29.24","27.25","27.61","44.44","55.18","55.95","49.18","69.45","71.43","85.61","82.52","105.47","33.01","23.91","9.33","13.28","6.5","16.32","1.91","45.28","72.36","148.32","121.72","507.53","204.9","223.8","226.42","212.53","169.63","230.75","164.2","142.86","136.01","410.36","1309.77","1593.67","2310.64","2837.95","2962","5076.88","4874.84","6234.87","6470.36","6865.79","6666.77","5152.54","4942.97","4237.29","4064.33"
"Albania","","..","..","..","..","..","..","..","..","..","..","..","..","..","..","..","..","..","..","..","..","..","..","..","..","..","..","..","..","5.56","10.34","11.05","331.95","409.64","270.68","163.1","180.6","226.64","168.23","268.74","488.18","317.85","268.53","307.36","349.31","300.94","315.08","324.04","308.63","364.84","357.15","365.07","379.48","349.16","269.98","281.17","333.58","168.53"
"Algeria","","355.05","437.91","397.63","281.91","227.84","146.23","126.92","107.64","119.61","131.23","122.21","120.99","110.3","125.09","128.33","235.27","145.37","129.15","190.29","110.84","205.16","167.07","134.7","93.28","120.98","172.15","167.33","213.45","171.98","158.21","331.65","211.17","374.79","326.31","295.49","295.74","306.88","247.89","419.87","137.98","199.96","198.86","186.12","239.24","316.97","347.38","240.68","395.01","324.83","302.39","201.25","193.35","147.32","203.42","160.62","87.49","157.41"
"Angola","","-0.05","23.55","..","0.03","..","1.11","2.86","18.18","0.01","-0.11","-0.03","0","0.09","0.16","0.37","4.76","17.48","47.5","46.87","47.06","52.44","60.22","59.07","73.88","93.41","90.49","130.25","134.43","157.03","167.06","265.77","277.08","343.59","289.39","447.07","416.42","459.31","354.66","335.27","387.54","302.21","282.73","414.03","493.5","1144.57","414.68","163.52","259.98","369.04","238.94","235.17","192.94","243.61","285.54","235.39","380.06","206.78"
"Anguilla","","..","..","..","..","..","..","..","..","..","..","..","..","..","..","..","1.67","1.1","1.11","2.34","2.25","2.3","2.63","1.95","2.34","1.71","2.65","2.97","4.09","3.94","6.46","3.82","6.29","4.76","4.7","6.55","3.36","2.56","2.57","3.05","2.4","3.52","3.54","0.73","3.95","2.69","4.01","4.42","5.27","3.35","1.4","8.27","0.3","5.04","7.63","..","..",".."
"Antigua and Barbuda","","..","..","..","..","..","..","..","..","..","..","..","..","..","0.01","3","2.06","3.11","5.38","3.6","3.28","5.5","9.04","4.95","3.37","2.36","2.95","5.05","5.56","8.45","4.34","4.61","7.23","4.67","3","4.16","2.27","3.87","4.35","9.98","10.84","9.88","8.58","13.51","5.63","1.9","8.06","3.28","4.99","6.07","4.26","19.66","15.42","2.09","1.59","2.55","1.49","0.08"
"Argentina","","28.58","29.18","39.8","37.8","17.22","-62.2","-9.69","21.69","40.72","25.48","9.34","27.71","23.32","45.66","35.92","26.31","30.57","27.92","28.16","42.98","19.48","43.56","29.74","47","48.49","39.02","85.86","99.33","152.6","210.7","168.74","273.68","264.44","226.8","146.78","143.12","131.54","102.33","85.54","84.9","60.37","153.24","88.19","107.71","92.08","94.12","110.43","85.81","120","113.67","128.53","95.18","177.76","34.73","48.79","-18.87","2.6"
"Armenia","","..","..","..","..","..","..","..","..","..","..","..","..","..","..","..","..","..","..","..","..","..","..","..","..","..","..","..","..","..","..","..","2.72","22.45","109.46","191.27","217.71","292.28","166.27","194.26","209.24","215.89","211.47","295.22","250.4","256.12","172.62","215.39","351.9","304.43","525.61","342.58","395.5","270.56","280.36","267.43","347.48","326.76"
"Aruba","","..","..","..","..","..","..","..","..","..","..","..","..","..","..","..","..","..","..","..","..","..","..","..","..","..","12.04","40.43","20.91","19.29","24.33","29.98","24.97","29.98","24.86","18.26","25.8","19.53","25.07","11.26","-7.38","..","..","..","..","..","..","..","..","..","..","..","..","..","..","..","..",".."
"Azerbaijan","","..","..","..","..","..","..","..","..","..","..","..","..","..","..","..","..","..","..","..","..","..","..","..","..","..","..","..","..","..","..","..","0.3","7.43","23.87","149.04","119.54","96.36","184.06","120.36","171","140.61","230.91","350.81","302.03","175.83","210.9","207.9","226.38","234.64","233.33","161.56","287.47","286.79","-70.83","216.74","69.62","77.5"
"Bahamas","","-0.04","..","..","0.02","0.06","0.07","0.05","0.69","0.05","0.07","0.08","0.25","1.22","0.48","0.52","0.66","0.59","0.47","1.17","1.23","2.01","1.94","1.87","0.89","10.7","0.7","5.6","0.67","4.24","3.92","3.15","2.76","2.7","1.03","0.87","4.26","..","..","..","..","..","..","..","..","..","..","..","..","..","..","..","..","..","..","..","..",".."
"Bahrain","","0.04","0.94","1.35","0.64","0.58","0.88","9.71","0.05","0.2","0.14","0.95","4.7","2.84","14.24","37.69","25.86","163.16","47.96","83.96","135.29","206.53","197.16","156","255.33","211.22","74.06","99.51","8.84","-2.61","-1.76","137.5","94.7","80.11","111.43","95.79","99.87","132.32","150.28","199.72","61.88","60.43","70.81","61.58","131.77","58.22","..","..","..","..","..","..","..","..","..","..","..",".."
"Bangladesh","","..","..","..","..","..","..","..","..","..","..","..","15.36","223.76","421.47","531.39","1071.62","497.89","784.36","995.01","1162.66","1286.72","1099.04","1337.4","1042.43","1186.82","1126.53","1428.05","1792.6","1614.36","1799.49","2092.76","1880.24","1818.39","1383.26","1742.89","1281.74","1228.07","1012.36","1162.86","1219.49","1174.33","1045","900.55","1397.87","1416.83","1320.43","1222.89","1512.9","2070.9","1237.38","1404.6","1494.68","2154.05","2633.59","2422.64","2570.13","2503.59"
"Barbados","","..","..","..","..","..","..","1.6","0.59","0.85","1.3","2.32","4.57","4.73","4.74","3.86","5.27","7.55","5.82","11.32","10.98","13.86","17.11","12.66","18.6","8.15","7.29","3.68","6.14","2.9","2.01","2.63","2.12","0.03","3.6","1.02","-1.16","4.23","4.32","15.66","-2.13","0.24","-1.15","3.31","19.78","28.81","-2.1","-2.29","17.51","7.12","10.86","16.2","..","..","..","..","..",".."
"Belarus","","..","..","..","..","..","..","..","..","..","..","..","..","..","..","..","..","..","..","..","..","..","..","..","..","..","..","..","..","..","..","..","..","..","..","..","..","..","..","..","..","..","..","..","..","..","58.01","74.76","85.43","111.14","98.22","136.26","119.8","102.87","107.14","120.61","104.58","-22.31"
"Belize","","1.82","2.82","5.52","4.06","1.55","2.13","2.58","5.84","5.52","6.84","5.95","5.07","8.87","4.67","6.22","8.71","11.63","9.53","18.22","20.72","14.5","11.31","12.03","15.06","13.9","21.93","24.06","23.48","25.01","28.52","30.32","21.77","26.16","31.11","32.17","18.83","21.23","14.12","15.31","47.77","16.29","23.2","23.6","13.18","7.5","12","8.16","22.21","23.85","26.97","25.01","21.92","26.21","51.27","37.56","28.27","34.96"
"Benin","","0.02","1.48","3.75","4.26","18.07","17.88","14.92","16.27","13.14","13.14","14.74","28.98","20.04","26.48","33.07","54.11","50.75","48.82","60.34","84.61","88.23","81.24","79.7","84.93","75.03","93.91","134.67","133.7","157.97","267.87","266.88","265.66","269.04","287.76","256.38","280.56","288.29","221.15","205.23","212.44","244.77","280.42","221.54","301.99","391.79","349.08","400.31","475.29","636.72","677.56","689.27","672.61","507.88","660.2","599.32","430.14","492.89"
"Bermuda","","..","..","..","..","0.01","0.05","0.06","0.06","0.04","0.01","0.01","..","0.01","..","0.03","0.02","0.03","0.08","0.16","0.15","0.28","0.21","0.07","0.07","0.08","0.94","0.09","0.23","0.04","0.1","42.19","-4.72","-5","-4.82","-12.48","-2.08","-4.07","..","..","..","..","..","..","..","..","..","..","..","..","..","..","..","..","..","..","..",".."
"Bhutan","","..","..","..","0.01","0.01","0.16","0.05","0.01","0.14","0.1","0.21","0.14","0.19","0.52","0.61","2.1","3.22","2.9","3.12","4.96","8.06","9.65","11.25","12.92","17.24","23.39","38.93","40.46","40.65","40.57","46","61.41","56.16","65.15","75.1","73.22","59.52","66.02","56.22","67.16","53.39","60.78","73.4","76.9","78.26","90.1","95.72","103.05","85.08","127.3","131.38","141.22","161.65","136.8","130.64","97.28","51.47"
"Bolivia","","12.08","23.63","35.91","53.5","40.92","33.96","30.05","28.78","47.44","37.08","32.64","33.58","51.74","30.93","61.7","55.79","65","92.66","145.14","156.16","169.46","169.08","148.12","173.46","168.42","196.38","333.77","308.24","419.36","496.23","545.44","502.89","666.93","559.93","562.18","712.36","828.4","698.65","634.19","579.54","486.03","747.68","692.75","941.18","788.76","643.35","850.04","475","628.32","711.47","717.69","723.47","661.72","702.3","674.56","791.31","696.45"
"Bosnia and Herzegovina","","..","..","..","..","..","..","..","..","..","..","..","..","..","..","..","..","..","..","..","..","..","..","..","..","..","..","..","..","..","0.01","0.01","0.01","15.69","70.24","408.57","965.8","851.81","862.05","914.97","1286.24","737.93","640.08","555.78","541.92","686.09","539.89","536.84","599.1","465.01","417.34","511.18","625.78","568.02","521.21","630.2","355.03","445.36"
"Botswana","","3.43","5.46","5.24","5.33","8.87","10.3","17.88","18.26","16.74","13.36","14.2","17.65","31.41","36.07","36.45","50.94","47.38","47.25","68.77","99.41","105.27","96.47","101.14","103.12","101.93","95.62","100.66","154.84","149.8","157.94","145.22","131.07","111.26","129.9","85.18","89.66","74.57","121.62","106.25","60.89","30.62","28.93","37.31","28.05","46.61","48.27","66.61","105.07","723.1","282.35","154.67","118.5","73.07","107.37","99.37","65.54","90.72"
"Brazil","","24.11","266.57","166.56","197.24","249","236.07","346.38","235.32","264.67","191.84","188.13","157.55","147.2","113.21","167.48","166.18","111.95","78.8","112.78","106.57","85.35","234.73","207.54","100.52","160.28","122.38","178.03","288.15","208.95","202","151.06","161.56","-251.51","207.45","258.96","278.93","278.2","263.05","287.78","130.94","241.07","236.36","215.93","207.58","161.84","192.5","89.94","308.76","452.37","353.69","448.67","821.07","1288.54","1155.73","914.15","1003.15","674.62"
"British Virgin Islands","","0.08","0.42","0.39","0.16","0.2","..","0.42","16.15","..","..","..","..","..","..","1.68","2.42","2.59","2.05","1.17","1.72","4.61","3.82","3.8","3.09","1.84","2.04","1.43","2.1","1.95","5.77","5.57","6.02","5.44","3.31","10.98","1.43","1.21","1.87","1.17","2.56","..","..","..","..","..","..","..","..","..","..","..","..","..","..","..","..",".."
"Brunei Darussalam","","0.01","0.48","0.73","0.04","0.07","0.08","0.08","0.07","0.03","0.03","0.01","0.05","0.02","0.12","0.15","0.14","0.11","0.08","0.1","0.09","0.03","0.19","0.27","0.44","0.81","1.4","2.54","3.24","4.52","4.56","3.88","3.62","5.37","5.07","5.26","4.29","..","..","..","..","..","..","..","..","..","..","..","..","..","..","..","..","..","..","..","..",".."
"Burkina Faso","","0.2","1.35","4.43","4.14","15.4","17.27","16.86","19.62","22.81","24","21.99","28.79","34.32","56.9","96.32","88.5","79.87","109.07","156.88","196.16","209.96","214.83","210.19","181.14","182.98","188.49","268.91","268.18","286.78","265.28","326.53","419.65","433.38","468.99","433.1","490.45","419.24","369.11","400.12","398.76","179.78","390.94","440.27","540.84","647.38","698.19","900.55","942.72","1000.38","1083.7","1044.62","981.98","1152.32","1045.08","1123.36","996.99","1023.28"
"Burundi","","7.53","7.19","11.07","6.16","8.09","4.86","8.93","10.41","12.97","14.93","17.67","21.68","25.76","26.86","37.35","47.47","43.8","47.64","73.91","94.34","115.95","120.65","125.4","137.61","137.67","137.16","191.31","196.62","200.5","206.24","262.55","256.4","309.28","216.95","311.11","286.95","110.52","56.4","68.75","75.1","93.31","139.25","171.91","227.6","358.82","365.58","432.02","504.55","520.43","575.75","627.61","572.24","524.17","558.83","515.4","366.54","742.13"
"Cabo Verde","","..","2.72","..","..","..","..","2.41","0.71","..","0.01","..","..","..","..","..","8.65","23.97","26.06","35.06","32.48","61.84","48.69","51.39","56.19","60.6","64.31","104.08","84.46","82.39","82.98","105.28","102","116.48","114.96","119.67","115.73","116.46","111.01","129.77","136.97","94.65","78.06","92.5","145.33","143.78","162.87","139.11","166.05","221.88","196.77","326.98","251.37","245.64","245.16","231.39","152.82","113.36"
"Cambodia","","27.29","25.17","22.16","23.75","12.71","9.73","11.33","13.94","10.23","12.7","18.83","40.24","67.15","145.68","307.68","81.86","0.72","0.3","0.27","107.99","268.67","112.45","35.89","39.03","21.81","13.84","15.31","16.62","20.27","24.72","41.31","89.71","200.52","300.51","313.35","551","416.53","335.44","337.67","277.45","396.39","415.35","486.34","517.29","485.77","538.57","531.4","691.4","744.23","710.96","733.98","792.43","807.69","808.21","802.68","679.04","729.38"
"Cameroon","","0.38","7.12","9.45","8.9","27.76","32.28","48.59","37.86","47.86","37.55","59.27","48.19","62.86","60.88","61.89","109.62","135.06","179.43","179.62","276.82","264.76","198.27","211.98","127.66","182.99","152.48","216.49","203.12","275.63","452.65","444.38","516.26","714.78","543.72","731.41","443.99","411.38","500.06","498.69","434.48","377.16","458.09","605.74","885.63","780.74","416.54","1716.24","1939.9","551.79","643.79","540.23","612.08","597.17","751.96","856.12","663.08","756.46"
"Cayman Islands","","..","..","..","..","..","..","..","..","..","..","..","..","..","..","1.68","1.59","2.1","1.49","3.24","0.74","1.49","0.99","0.57","0.38","0.35","0.07","1.97","2.19","12.09","1.23","2.99","-0.29","0","-0.46","-1.02","-0.57","-2.03","..","..","..","..","..","..","..","..","..","..","..","..","..","..","..","..","..","..","..",".."
"Central African Republic","","0.03","0.42","1.14","1.98","16.79","15.78","15.66","20.57","17.29","19.81","14.38","15.55","25.65","25.6","36.58","54.75","38.69","44.89","50.95","83.36","110.12","101.2","89.46","92.36","131.69","103.85","135.14","180.01","204.69","188.76","248.89","173.44","177.65","171.74","167.56","167.78","169.13","91.55","120.62","118.76","75.9","76.21","60.01","51.5","110.06","88.97","133.59","180.01","260.37","241.14","260.98","268.77","228.02","202.82","611","486.73","499.66"
"Chad","","0.03","3.26","5.52","5.56","16.55","18.27","19.01","19.83","21.72","23.75","22.35","30.41","30.79","45.28","78.48","66.73","60.88","81.6","123.15","84.74","34.99","59.56","64.15","87.43","111.41","179.05","160.31","201.79","260.69","250.57","310.58","262.31","236.7","223.47","212.29","235.02","295.78","227.96","174.44","187.93","131.33","188.6","229.25","251.99","332.08","386.44","290.73","367.98","441.81","558.33","490.16","457.66","475.13","459.34","391.93","606.65","624.46"
"Chile","","13.01","117.04","132.88","141.89","131.96","112.85","135.08","102.3","84.86","95.15","72.36","47.9","49.7","48.73","23.6","126.91","7.3","10.6","7.16","-27.89","-10.55","-7.25","-8.84","0.1","2.25","40.01","-5.15","21.31","44.33","61.69","103.54","120.86","131.29","173.97","150.42","156.89","195.7","129.38","106.45","70.02","48.97","59.02","-6.69","80.48","54.4","170.41","99.24","108.68","106.45","79.19","188.54","167.42","128.08","80.56","245.58","54.33","178.37"
"China (People's Republic of)","","..","..","..","..","..","..","..","..","..","..","..","..","..","..","..","..","..","..","..","16.85","65.5","475.9","523.38","668.8","797.48","938.75","1095.22","1377.94","1919.06","2070.83","2032.37","1932.58","3002.03","3218.68","3149.01","3481.07","2655.9","2060.83","2456.88","2407","1749.02","1497.66","1511.52","1361.55","1710.58","1799.29","1272.25","1457.52","1317.73","1153.98","671.89","-602.94","-180.53","-656.55","-947.07","-332.27","-791.08"
"Chinese Taipei","","103.48","113.58","78.55","77.23","51.79","57.75","66.27","56.31","56.64","20.33","9.57","9.74","5.81","-26.02","-17.8","-19.76","-20.78","16.7","6.37","3.7","-3.56","7.76","-6.37","8.17","5.41","-9.74","-10.11","-8.5","-6.9","2.12","36.34","3.48","5.93","7.41","6.24","0.22","15.78","..","..","..","..","..","..","..","..","..","..","..","..","..","..","..","..","..","..","..",".."
"Colombia","","-11.43","45.5","46.59","74.74","54.6","36.94","92.83","108.88","191.82","120.81","159.89","129.77","119.58","147.23","106.44","82.51","75.1","48.31","70.67","53.73","89.82","101.23","95.94","85.43","87.6","61.08","62.92","77.45","62.5","67.38","88.54","113.39","232.84","84.64","75.57","170.13","188.06","194.17","167.16","302.08","186.65","383.88","442.46","803.19","519.41","625.02","989.8","726.84","976.42","1054.99","673.83","1017.69","764.25","857.49","1224.17","1355.86","1106.67"
"Comoros","","..","..","..","..","..","..","6.1","9.7","7.85","6.36","7.89","8.82","10.21","17.62","27.34","21.56","25.26","12.09","13.44","19.58","43.25","46.37","38.07","37.63","42.68","47.13","45.93","54.07","51.22","44.07","44.88","63.3","47.87","48.62","38.7","41.6","39.2","30.2","40.62","22.09","19.31","27.67","27.58","24.61","25.88","23.14","32","45.05","42.04","50.78","69.91","55.35","101.61","81.23","74.95","65.78","54.61"
"Congo","","0.02","0.19","3.07","5.65","17.76","15.85","25.18","18.8","21.37","17.17","15.39","17.17","23.1","26.62","37.82","55.93","72.64","48.13","80.26","90.15","91.15","80.44","91.94","107.35","96.52","69.02","107.23","137.53","86.6","90.52","217.16","133.27","115","124.36","363.85","126.86","431.29","268.67","64.99","140.54","32.15","73.89","57.13","69.28","115.81","1425.55","258.3","116.32","486.63","283.97","1315.09","261.24","140.13","150.99","106.18","88.8","87.84"
"Cook Islands","","..","..","..","..","..","..","..","..","..","..","..","..","3.72","4.25","5.75","5.62","6.68","7.49","6.95","7.75","10.66","10.45","10.36","9.29","8.05","9.7","26.42","11.05","11.92","12.52","12.14","13.28","17.07","12.51","14.24","13.04","11.27","10.05","8.08","6.02","4.38","4.87","3.77","5.86","8.92","7.88","32.34","9.31","5.72","5.59","13.54","27.31","20.99","15.88","28.11","25.64","22.15"
"Costa Rica","","3.59","6.05","9.3","10.12","13.96","15.51","14.13","14.92","11.91","16.51","15.01","16.5","18.62","23.31","23.01","30.03","24.34","25.19","50.61","55.21","64.43","54.3","79.91","251.51","217.06","279.29","194.58","227.77","187.5","226.13","226.98","174.06","141.88","101.25","77.01","32.09","-10.41","-7.07","18.84","-8.39","13.2","3.14","3.15","29.2","14.87","26.22","22.12","55.15","69.41","106.12","95.07","31.28","28.46","32.82","54.55","111.3","100.72"
"Cote d'Ivoire","","0.13","3.37","9","8.65","39.01","38.62","35.95","34.02","44.84","49.66","52.58","51.07","48.28","63.32","75.62","99.68","107.45","103.95","129.55","159.92","209.8","123.05","136.43","155.32","122.99","117.36","174.42","240.48","424.73","394.56","686.4","629.9","755.7","763.63","1593.7","1212.44","964.77","447","967.27","447.78","350.92","186.08","1067.5","253.7","160.71","91.28","247.14","171.08","584.63","2403.01","845.31","1437.71","2908.35","1273.46","925.04","653.06","658.49"
"Croatia","","..","..","..","..","..","..","..","..","..","..","..","..","..","..","..","..","..","..","..","..","..","..","..","..","..","..","..","..","..","..","..","..","0.01","..","109.66","53.28","133.31","40.36","39.38","48.47","65.51","112.13","130.6","120.4","119.66","123.46","196.51","162.91","241.06","168.83","131.55","..","..","..","..","..",".."
"Cuba","","0.23","0.19","0.04","-0.17","0.44","0.58","0.73","0.74","0.65","1.31","1.82","2.48","3.57","5.19","15.23","19.63","45.66","44.93","47.99","47.9","45.28","27.37","35.1","36.84","35.77","41.99","41.78","48.88","61.26","56.84","51.81","36.93","24.8","43.9","47.12","63.63","57.22","65.4","80.15","59.39","45.07","54.65","62.11","76.54","99.47","90.14","82.21","96.55","125.51","112.56","132.45","87.28","85.76","99.46","261.54","552.73","2677.75"
"Cyprus","","24.09","20.23","15.65","11.16","5.24","6.47","1.63","1.41","0.96","3.74","5.86","5.98","7.3","8.08","21.25","31.15","56.14","95.01","47.61","29.91","52.68","43.81","30.88","18.57","16.82","36.86","34.98","41.32","44.21","40.74","38.43","39.76","26.17","33.8","44.03","21.43","22.58","..","..","..","..","..","..","..","..","..","..","..","..","..","..","..","..","..","..","..",".."
"Democratic People's Republic of Korea","","..","..","..","..","..","..","..","..","..","..","..","..","..","..","..","..","..","..","50","..","..","..","..","..","..","5.51","5.43","16.4","9.04","8.31","7.73","8.62","10.59","14.06","5.66","13.48","25.57","88.43","105.26","200.93","73.55","117.89","264.4","131.14","160.85","87.45","55.18","99.58","206.23","65.22","78.83","118.49","97.87","109.1","153.53","131.43","119.65"
"Democratic Republic of the Congo","","82.09","91.16","120.97","111.5","127.02","142.07","93.11","93.8","76.66","83.75","89.36","107.27","121.69","138.92","180.09","258.08","193.12","259.6","315.64","415.36","431.23","392.15","346.47","310.3","300.32","305.36","421.56","673.73","551.73","730.11","895.79","475.28","268.52","177.82","244.81","194.75","166.16","157.88","127.02","135.51","178.44","246.64","1176.17","5417.03","1919.15","1881.8","2197.24","1348.27","1766.9","2362.35","3483.65","5526.46","2846.17","2584.01","2400.02","2599.04","2107.44"
"Djibouti","","..","..","..","..","..","..","6.47","9.75","9.71","10.52","11.83","10.65","13.35","19.48","29.06","34.4","28.13","46.23","104.4","23.18","73.04","64.51","58.82","65.43","102.09","81.39","114.93","105.3","92.6","75.02","207.01","107.16","112.19","134.43","128.57","105.56","97.08","85.65","80.98","75.15","72.24","59.4","74.1","79.26","64.33","74.17","115.38","112.67","140.82","165.83","132.03","141.4","148.46","149.25","166.11","169.56","185.12"
"Dominica","","..","..","..","..","..","..","..","..","..","..","..","..","..","0.09","3.58","7.87","4.33","4.95","7.11","9.05","17.61","14.76","16.76","9.92","16.22","16.59","11.72","15.88","17.88","23.86","19.64","17.63","12.7","8.91","19.59","25","43.13","14.56","19.35","9.93","15.28","19.69","29.6","10.97","29.4","21.11","19.66","19.45","21.38","35.95","32.45","24.44","25.68","20.08","16.29","11.71","8.5"
"Dominican Republic","","0.17","0.15","20.99","48.02","23.23","78.46","52.12","59.92","63.91","43.51","43.2","31.51","29.47","25.43","20.92","29.87","32.94","33.55","49.8","77.64","124.73","104.93","135.58","99.35","187.74","206.93","91.82","129.01","118.1","143.34","101.66","67.72","65.58","-1.26","61.87","119.96","100.11","71.61","118.31","189.83","56.19","106.98","144.96","68.79","84.56","76.06","54.41","124.22","157.07","120.15","176.58","224.74","260.12","146.91","166.21","279.96","176.71"
"East African Community","","..","..","..","..","..","..","16.4","10.77","-0.07","2.51","3.44","17.59","11.25","11.61","16.01","21.86","19.17","6.7","12.52","3.41","5.45","4.95","4.17","5.23","2.51","10.83","1.84","1.2","0.76","..","..","..","-0.26","..","..","..","..","..","..","..","..","..","..","..","..","..","..","..","..","..","..","..","..","..","..","..",".."
"Ecuador","","5.87","10.39","12.58","17.56","20.61","20.76","26.94","28.13","24.57","19.95","23.27","26.65","24.24","35.78","45.52","69.17","74.76","54.15","44","68.81","45.8","58.19","52.39","62.02","134.82","134.8","145.54","227.21","171.56","161.56","159.32","237.47","239.78","234.94","210.9","224.3","251.63","153.46","176.45","148.98","147.21","176.8","223.49","181.85","159.96","232.48","190.68","213.96","229.16","202.47","150.95","164.56","148.06","150.52","165.05","318.16","243.49"
"Egypt","","178.41","117.77","188.04","207.09","235.3","122.76","97.24","33","25.7","9.9","170.94","138.71","139.94","886.92","1376.27","2513.43","2432.88","2639.18","2697.93","1572.47","1383.15","1297.71","1457.03","1456.78","1768.05","1774.18","1669.44","1723.16","1496.81","1644.2","6065.2","5408.84","3737.7","2485.23","2692.2","2028.07","2193.9","2009.46","1974.14","1620.25","1370.83","1300.39","1308.73","1017.18","1502.84","1046.31","909.03","1138.69","1688.53","982.74","599.16","423.73","1813.43","5512.51","3537.6","2499.43","2130.29"
"El Salvador","","0.72","7.38","6.19","13.22","13.23","14.46","20.85","15.22","13.61","12.7","14.85","12.74","18.15","22.8","29.4","37.33","29.72","45.09","55.13","59.38","96.36","167.2","218.56","290.23","261.06","345.03","336.13","420.93","415.15","440.35","347.3","294.92","403.72","399.46","305.12","295.96","300.77","278.71","181.38","183.5","179.94","237.4","233.4","192.22","216.27","199.17","158.7","89.21","234.49","273.47","281.57","277.85","219.91","169.14","98.07","89.7","129.2"
"Equatorial Guinea","","..","..","..","..","..","..","..","..","..","..","..","..","..","1.01","15.89","2.18","0.42","0.84","0.59","2.63","9.23","10.23","13.96","11.12","14.97","17.11","20.4","53.23","47.91","56.22","60.23","62.18","61.82","52.66","29.73","33.4","30.82","23.89","22.16","20.24","21.27","13.24","20.15","20.93","29.15","38.13","26.21","31.36","32.08","31.78","85.07","24.55","14.45","4.63","0.52","7.49","6.92"
"Eritrea","","..","..","..","..","..","..","..","..","..","..","..","0.03","..","0.62","2.15","1.62","..","2.12","4.93","4.14","4.68","5.61","4.5","4.5","4.5","..","1","2","2","..","4.5","..","1","67.71","154.15","148.29","157.49","123.51","168.81","149.87","178.02","284.7","226.67","316.96","263.52","349.74","126.19","158.53","145.42","142.62","162.31","133.41","135.97","81.31","84.19","94.12","66.74"
"Ethiopia","","15.35","20.96","26.94","24.9","15.98","20.93","25.4","27.68","42.35","38.74","39.68","46.98","47.32","66.28","116.9","131.95","139.75","115.09","139.32","190.58","211.1","244.85","199.33","338.15","359.41","718.41","631.11","623.28","965.44","727.79","1009.25","1091.87","1162.51","1081.22","1063.58","876.98","816.5","578.91","660.24","643.29","687.8","1103.6","1324.74","1621.16","1830.3","1929.12","2034.55","2606.55","3316.25","3823.76","3455.16","3495.89","3243.29","3885.54","3583.96","3233.71","4073.54"
"Fiji","","1.08","1.01","10.82","4.43","3.44","4.36","4.11","2.83","6.21","8.75","6.96","10.64","8.46","14.57","14.85","19.36","23.16","23.07","26.32","30.71","35.87","40.26","35.03","32.44","31.02","31.51","42.08","35.49","53.83","42.69","49.58","44.81","63.42","61.22","40.61","44.4","46.79","44.51","36.89","35.2","29.37","26.18","34.17","51.25","65.53","66.08","55.8","50.88","45.25","66.71","75.84","75.39","105.37","91.22","94.24","102.48","108.74"
"Former Yugoslav Republic of Macedonia","","..","..","..","..","..","..","..","..","..","..","..","..","..","..","..","..","..","..","..","..","..","..","..","..","..","..","..","..","..","..","..","..","..","3.32","104.26","78.8","105.39","98.28","104.91","276.94","250.85","247.64","273.86","266.11","264","227.4","200.85","201.83","202.8","194.22","194.31","192.29","147.71","196.73","211.92","214.32","168.36"
"French Polynesia","","..","..","..","..","..","..","13.44","15.14","18.22","18.49","19.77","19.67","27.49","50.35","37.66","71.74","77.65","83.23","90.65","143.92","159.46","146.68","173.22","177.8","172.04","171.99","247.6","294.48","331.18","288.62","259.66","311.47","326.79","333.49","367.91","450.93","404.07","367.39","370.37","351.5","..","..","..","..","..","..","..","..","..","..","..","..","..","..","..","..",".."
"Gabon","","0.02","0.56","2.64","4.06","14.86","13.02","13.48","15","13.29","18.71","23.76","23.72","26.82","39.19","24.62","60.4","33.96","27.17","43.43","36.62","55.58","43.17","61.85","63.46","75.28","60.75","78.65","82.26","105.74","132.06","131.23","142.71","68.51","100.86","181.03","143.74","126.51","38.83","44.64","47.8","11.85","8.64","71.66","-10.92","40.04","50.3","31.21","53.21","64.12","77.95","106.27","69.45","68.85","87.21","111.27","98.78","41.5"
"Gambia","","0.54","1.43","2.55","5.12","2.55","4.25","3.59","3.01","5.84","3.67","1.31","3.53","4.88","6.44","10.19","8.04","10.85","21.25","34.18","34.31","52.64","67.38","46.11","40.38","51.75","48.04","101.4","103.29","83.22","98.66","97.26","99.54","108.84","84.9","68.89","45.43","36.06","38.9","39.45","34.35","49.64","52.73","64.47","63.29","61.34","60.76","75.2","97.2","94.63","125.17","121.1","135.71","138.98","112.3","100.34","107.68","91.58"
"Georgia","","..","..","..","..","..","..","..","..","..","..","..","..","..","..","..","..","..","..","..","..","..","..","..","..","..","..","..","..","..","..","..","0.21","20.35","104.78","177.32","209.06","309.37","242.03","208.67","246.84","171.95","294.13","317.21","228.67","314.21","293.34","357.19","381.93","887.98","906.16","627.14","587.42","659.19","646.31","563.76","448.93","462.74"
"Ghana","","2.94","2.97","5.61","18.01","20.22","46.22","62.19","45.28","62.2","71.27","59.1","56.84","58.56","40.9","36.32","124.21","61.54","90.17","112.18","168.22","190.81","144.12","138.73","108.39","213.12","194.33","358.88","409.02","575.59","715.53","559.72","878.63","614.22","627.26","547.72","649.87","651.27","494.17","703.88","610.09","600.65","644.85","689.37","985.04","1419.01","1152.64","1236.25","1162.92","1312.17","1584.68","1697.22","1803.87","1799.29","1328.17","1123.13","1768.69","1315.99"
"Gibraltar","","0.47","0.87","0.43","-0.01","0.51","1.06","1.79","2.72","0.9","1.38","2.65","3.82","4.19","6.25","6.62","3.03","2.95","4.45","3.53","6.53","11.15","7.42","3.12","3.39","10.96","28.92","20.82","14.56","16.19","0.45","0.56","2.57","3.14","-0.01","0.57","0.21","-0.24","0.37","0.22","0.03","..","..","..","..","..","..","..","..","..","..","..","..","..","..","..","..",".."
"Grenada","","..","..","..","..","..","..","..","..","..","..","..","..","..","0.05","1.85","2.75","2.72","3.34","2.59","2.84","3.85","6.06","6.15","7.42","27.47","34.41","23.94","19.13","20.03","14.65","13.8","16.45","12.93","7.87","23.61","10.82","11.85","8.88","6.26","10.4","16.87","11.29","10.22","10.78","15.6","52.6","26.81","26.09","31.8","45.83","33.85","12.03","7.66","12.53","39.71","24.1","8.65"
"Guatemala","","15.81","14.17","9.35","11.91","12.16","14.18","10.57","17.47","16.62","17.36","21.97","19.57","27.11","26.56","26.15","39.54","65.08","61.53","71.28","66.52","72.6","75.29","63.58","75.64","65.32","82.73","134.73","240.49","235.13","262.31","201.37","196.43","195.73","212.43","218.2","208.41","193.14","265.39","234.38","294.12","264.35","226.32","248.94","246.97","216.77","254.22","485.31","450.74","535.19","376.91","389.23","378.41","304.89","496.6","279.84","411.29","265.57"
"Guinea","","0.16","2.53","10.19","23.3","14.14","24.02","14.39","8","6.1","13.43","10.25","9.55","4.79","11.22","19.81","24.37","10.41","22.6","59.3","55.56","88.67","106.51","115.49","66.48","120.22","112.92","168.27","220.81","254.96","363.16","291.58","377.52","447.28","410.28","358.23","415.92","298.06","381.39","359.57","237.83","153.41","289.25","254.19","250.63","274.81","192.91","173.12","257.61","351.22","217.66","220.97","202.12","633.36","467.54","563.12","538.04","561.42"
"Guinea-Bissau","","..","0.81","..","..","..","..","2.81","0.51","..","0.07","..","0.11","..","0.01","10.06","20.76","24.85","39.05","49.61","52.53","58.1","64.12","63.23","63.03","54.39","56.47","69.25","111.07","100.82","114.9","126.35","112.82","107.3","94.53","174.36","117.6","180.77","124.53","96.01","52.6","81.07","60.69","59.88","145.37","77.85","66.76","88.2","125.57","135.69","149.4","129","120.64","80.32","105.63","110.25","95.04","199.07"
"Guyana","","7.57","9.38","8.32","6.15","5.07","6.99","8.67","11.35","15.16","18.1","16.98","16.43","12.46","8.09","12.14","10.1","22.03","11.61","27.71","34.2","41.73","65.7","38.97","30.63","23.04","26.87","29.86","27.62","26.95","43.96","168.31","129.38","90.44","106.93","81.91","86.29","142.4","264.63","92.98","87.26","115.93","112.14","71.83","96.06","145.14","149.8","174.39","124.12","163.06","174.2","167.44","158.54","114.92","101.24","160.61","32.14","69.83"
"Haiti","","9.74","13.17","4.92","3.31","3.91","6.29","4.17","3.54","5.81","5.04","7.72","6.1","6.73","7.79","13.66","56.16","70.31","86.09","91.08","90.79","103.92","106.13","126.09","131.89","131.97","148.82","180.63","212.91","141.73","195.97","167.39","177.29","100.98","120.65","599.84","722.22","367.31","324.97","407.17","263","208.01","170.33","155.77","212.52","298.8","425.81","581.48","716.92","927.31","1129.7","3073.47","1691.76","1273.35","1152.13","1082.36","1045.86","1074.27"
"Honduras","","4.77","6.37","6","9.55","11.95","12.87","10.96","11.41","19.02","18.87","20.35","15.34","16.65","14.88","26.37","50.54","39.02","56.08","91.86","96.5","102.48","108.88","157.65","189.89","285.48","269.66","279.44","253.53","321.26","253.38","448.49","301.7","373.39","336.17","292.45","402.38","356.03","296.48","318.27","817.18","449.77","658.4","422.55","389.28","655.73","691.86","594.29","465.32","566.34","452.63","634.25","618.03","566.19","625.87","606.28","540.52","411.72"
"Hong Kong, China","","5.83","5.12","1.91","5.45","0.28","4.25","2.47","2.65","1.32","1.29","1.41","3.63","2.89","0.91","1.03","-1.14","2.68","2.07","2.35","11.91","10.89","9.52","7.93","8.78","13.75","20.48","18.47","19.39","22.1","40.62","38.16","36.07","-39","30.27","26.87","17.73","13.2","..","..","..","..","..","..","..","..","..","..","..","..","..","..","..","..","..","..","..",".."
"India","","729.63","616.59","677.27","977.44","1216.01","1284.2","1240.4","1372.82","924.41","905.26","824.66","1002.4","613.9","778.71","1230.4","1605.19","1744.61","988.81","1131.15","1363.19","2185.96","1972.47","1635.75","1830.51","1665.94","1587.01","1989.94","1695.48","1948.29","1769.42","1398.93","2736.23","2429.55","1470.46","2325.68","1737.71","1904.52","1646.37","1610.32","1490.76","1383.42","1729.61","1763.71","720.9","778.31","1875.96","1383.58","1329.21","2016.53","2481.02","2831.34","3270.22","1681.85","2456.34","2991.82","3174.35","2678.68"
"Indonesia","","83.08","113.8","157.73","108.15","66.9","42.87","82.93","229.44","326.03","328.68","465.08","585.24","498.92","612.83","660.54","686.67","666.63","512.92","631.06","718.91","941.31","967.27","897.17","737.62","666.08","596.87","704.51","1239.56","1625.66","1830.86","1715.86","1824.48","1969.23","1934.72","1549.86","1302.63","1080.52","814.52","1264.38","2132.62","1663.37","1468.96","1303.89","1775.36","135.25","2536.76","1318.46","854.33","1174.95","1046.12","1389.89","402.04","69.01","69.47","-381.94","-33.4","-112.06"
"Iran","","27.13","129.8","56.41","27.35","4.27","21.42","11.34","32.13","8.38","17.04","20.95","7.55","8.88","-3.74","9.08","1.52","-5.46","38.69","243.05","5.84","28.16","4.84","-0.63","42.72","7.8","11.43","26.31","70.88","81.33","91.29","106.45","193.4","105.7","140.48","130.04","186.94","164.5","200.76","164.56","161.49","129.87","114.56","114.54","131.05","188.65","100.67","117.24","103.77","100.47","92.57","112.44","105.79","151.79","131.61","81.17","110.9","116.19"
"Iraq","","1.45","0.68","2.18","5.16","12.88","10.72","4.09","4.08","2.29","4.29","8.06","16.36","22.71","13.3","4.23","110.33","20.3","81.72","73.92","28.9","12.43","262.77","3.62","6.87","-1.98","19.9","28.28","86.36","6.5","10.87","63.09","552.48","138.1","168.7","253.5","332.77","349.74","221.93","117.76","76.79","101.83","122.7","113.38","2287.65","4650.65","22057.09","8889.32","9204.34","9884.53","2791.23","2178.33","1914.69","1300.88","1541.54","1369.27","1482.94","2284.81"
"Israel","","105.26","107.35","106.4","113.64","95.96","122.83","111.1","70.67","61.99","55.15","63.16","72.22","85.37","186.04","117.59","467.48","643.34","797.4","899.67","1184.68","892.16","772.41","857.44","1344.98","1255.91","1978.4","1937.11","1250.8","1241.06","1191.76","1371.89","1749.46","2065.77","1266.17","1237.18","335.59","2216.76","..","..","..","..","..","..","..","..","..","..","..","..","..","..","..","..","..","..","..",".."
"Jamaica","","..","10.09","12.6","3.45","4","9.87","10.22","9.76","16.06","13.27","10.5","22.17","16.95","18.92","25.86","24.11","25.84","33.01","121.86","122.27","125.25","153.96","179.5","180.29","170.06","168.57","177.17","167.01","192.1","261.53","270.62","159.42","118.27","99.73","115.46","108.5","58.51","71.98","19.47","-22.35","8.7","54","24.02","6.16","82.81","39.77","37.19","28.08","85.88","149.97","139.38","39.39","28.06","71.59","95.99","59.07","26.84"
"Jordan","","88.29","91.79","81.73","82.65","75.55","68.95","76.92","53.5","45.73","48.53","80.08","64.31","109.29","205.38","311.42","491.68","573.2","441","472.14","1461.29","1576.13","1248.99","904","854.17","701.36","607.42","632.92","646.49","475.68","338.47","951.66","939.31","425.27","310.84","373.81","540.49","509.08","475.57","413.91","435.2","554.18","450.31","562.72","1321.22","604.63","709.85","573.57","631.51","734.09","740.42","954.75","974.1","1157.49","1400.33","2697.16","2151.85","2738.67"
"Kazakhstan","","..","..","..","..","..","..","..","..","..","..","..","..","..","..","..","..","..","..","..","..","..","..","..","..","..","..","..","..","..","..","..","111.5","12.07","15.35","53.27","64.83","124.49","141.19","223.3","174.98","189.19","152.15","190.3","290.26","273.2","225.29","177.78","212.12","338.1","295.29","211.8","200.82","131.86","90.76","92.8","82.5","60.98"
"Kenya","","21.11","63.23","49.12","55.59","56.71","72.13","55.41","36.71","60.71","55.81","57.35","66.85","71.86","94.97","116.58","124.82","154.6","160.76","245.61","348.34","394.79","448.15","484.6","396.1","408.43","426.66","442.96","557.22","832.03","1059.7","1181.29","916.46","884.92","915.63","677.87","733.09","596.26","448.65","415.26","311.25","513.92","472.41","388.22","522.9","655.93","756.57","941.65","1329.36","1363.4","1782.48","1631.26","2478.82","2653.66","3306.84","2661.03","2464.18","2188.91"
"Kiribati","","0.02","0.26","0.32","0.41","0.28","0.43","0.62","1.43","1.28","1.38","2.18","2.54","4.21","5.97","5.61","5.66","4.03","6.17","10.71","9.06","19.16","15.33","15.1","16.8","11.94","12.03","13.38","18.36","16.16","17.45","20.22","19.8","26.54","15.73","15.28","15.34","12.8","15.68","17.38","20.93","17.94","12.43","20.88","18.57","16.98","28.12","25.55","27.39","27.46","25.29","23.41","64.9","65.67","64.99","80.66","64.95","63.26"
"Korea","","250.71","229.15","236.21","262.2","171.69","220.49","227.63","256.09","246.43","338.3","274.67","324.51","365.43","282","252.1","248.14","217.92","238.51","164.02","133.66","138.62","330.37","33.88","7.71","-36.83","-8.92","-17.59","10.75","9.36","51.39","52","54.13","-3.1","-35.11","-114.23","57","-148.9","-159.65","-50.37","-55.1","..","..","..","..","..","..","..","..","..","..","..","..","..","..","..","..",".."
"Kosovo","","..","..","..","..","..","..","..","..","..","..","..","..","..","..","..","..","..","..","..","..","..","..","..","..","..","..","..","..","..","..","..","..","..","..","..","..","..","..","..","..","..","..","..","..","..","..","..","..","..","782.13","527.52","583.18","566.74","568.55","579.39","437.81","370"
"Kuwait","","..","-0.16","-2.48","-1.01","-0.88","-1.28","-1.44","-1.44","0.01","0.33","0.35","0.51","0.59","0.39","0.38","0.33","0.19","0.51","0.94","1.17","10.25","9.4","5.86","5.16","4.47","4.21","4.96","3.39","5.94","4.72","12.86","11.76","6.53","2.03","4.47","4.23","..","..","..","..","..","..","..","..","..","..","..","..","..","..","..","..","..","..","..","..",".."
"Kyrgyzstan","","..","..","..","..","..","..","..","..","..","..","..","..","..","..","..","..","..","..","..","..","..","..","..","..","..","..","..","..","..","..","..","..","21.08","95.01","173.5","284.67","230.45","239.59","239.49","283.17","214.71","187.72","185.72","200.02","261.13","267.48","311.05","281","357.28","312.91","383.92","523.33","470.49","539.45","626.57","769.99","515.25"
"Lao People's Democratic Republic","","33.37","51.68","31.24","36.5","45.79","68.2","69.19","74.02","60","66.8","69.24","72.32","66.74","75.56","59.87","38.34","28.62","31.63","71.09","54.05","45.85","42.9","45.25","35.66","35.98","39.66","46.69","57.29","75.82","142.99","149.07","139.75","163.64","201.03","215.2","307.91","332.11","328.78","275.78","294.61","280.89","244.84","278.08","301.26","270.03","297.42","365.17","401.15","496.59","417.29","413.42","399.79","410.7","423.33","474.42","471.09","398.28"
"Lebanon","","13.41","12.81","9.2","8.18","2.96","7.94","8.42","8.68","19.05","9.23","19.98","6.07","15.02","11.63","139.2","14.3","39.15","135.84","232.95","123.48","297.83","454.98","187.01","125.9","77.18","82.41","62.33","101.15","144.17","117.81","285.68","125.24","110.17","140.37","228.03","191.29","235.26","261.24","340.83","194.51","201.19","198.97","204.02","534.64","266.67","230.72","819.04","978.97","1068.36","580.08","445.09","475.49","711.58","621.6","820.95","974.92","1138.52"
"Lesotho","","1.56","4.14","5.93","5.64","5.66","9.49","12.54","13.78","13.18","13.07","9.73","16.57","13.84","13.93","20.62","28.48","28.52","36.67","49.41","64.71","93.16","103.25","92.35","106.18","98.46","92.18","85.38","104.85","108.9","134.51","139.13","123.31","143.16","143.06","115.62","112.65","103.21","91.49","61.85","31.67","37.17","55.55","77","79.13","95.31","68.44","71.19","130.9","144.71","122.27","256.05","256.77","276.26","320.67","107.17","83.14","112.83"
"Liberia","","9.92","26.87","79.08","34.09","15.74","35.31","37.96","25.66","16.33","16.37","12.89","12.75","12.91","10.29","14.54","20.01","26.46","32.62","46.57","80.38","97.05","108.19","108.31","117.25","130.51","90.49","96.84","78.1","64.22","60.13","113.74","157.63","119.6","122.33","63.4","123.1","172.67","75.69","71.99","93.95","67.42","38.48","54.99","106.78","213.39","222.09","260.9","1123.02","1250.41","510.75","1416.11","762.25","566.71","535.93","749.59","1094.43","814.99"
"Libya","","42.86","36.68","32.06","26.14","18.6","7.89","2","2.01","6.88","7.28","4.3","3.37","7.09","12.31","11.33","1.55","6.97","6.32","5.17","3.43","12.13","4.69","107.62","5.25","4.64","5.23","10.74","6.13","5.5","9.78","8.34","7.49","3.28","2.87","3.95","5.84","3.77","3.98","5.55","4.7","..","..","..","..","..","23.84","37.51","19.41","74.2","40.04","7.61","641.1","87.12","128.83","210.28","157.37","179.49"
"Macau, China","","1.78","1.2","..","1.02","..","..","0.34","0.14","0.17","0.07","0.21","0.24","0.09","0.12","0.03","0.02","..","..","..","0.02","4.43","0.01","0.72","0.56","0.45","0.42","0.36","0.14","0.35","0.33","0.23","0.12","0.13","0.18","0.29","-4.01","0.32","0.36","0.5","0.32","..","..","..","..","..","..","..","..","..","..","..","..","..","..","..","..",".."
"Madagascar","","2.65","1.49","4.99","8.29","47.59","50.82","47.7","43.64","48.62","45.57","47.95","46.88","54.7","52.5","62.75","82.21","61.35","60.58","90.47","137.09","229.55","232.98","240.12","181.18","150.21","184.64","309.82","330.59","295.98","347.23","396.96","455.11","361.55","361.22","288.14","299.41","354.69","837.67","484.67","362.39","324.48","374.53","373.94","545.36","1252.52","916.15","784.41","896.83","847.2","434.51","477.31","447.28","368.49","499.28","588.12","676.97","621.8"
"Malawi","","4.16","8.23","11.61","16.46","32.56","33.91","31.71","30.04","46.93","27.5","36.77","31.52","36.17","29.61","41.39","62.88","61.66","78.91","98.21","141.42","141.18","136.64","120.23","115.49","181.32","112.46","194.49","275.84","375.6","417.3","500.36","549.57","578.04","497.34","471.14","435.14","492.54","344.1","434.68","446.78","448.15","411.1","379.74","519.57","507.42","573.65","722.87","766.67","924.74","773.71","1016.85","798.28","1170.91","1132.55","931.16","1049.38","1243.27"
"Malaysia","","13.28","18.91","21.82","12.73","17.18","22.18","28.15","21.1","32.87","30.82","26.36","42.19","50.08","45.03","69.18","99","62.91","70.69","79.82","124.44","134.59","142.96","134.71","175.95","325.94","228.67","191.58","362.86","103.42","139.75","468.49","289.29","203.7","95.22","66.14","108.26","-456.6","-240.34","201.74","145.93","48.65","29.33","89.34","110.32","299.23","29.22","241.36","202.15","156.35","139.92","-6.14","40.81","18.32","-113.31","19.92","-0.6","-51.84"
"Maldives","","0.03","0.26","0.48","0.3","0.28","0.12","1.99","0.37","0.29","0.17","0.24","0.85","0.64","0.58","0.61","3.25","3.01","3.65","8.1","6.28","20.91","12.67","5.28","10.63","5.42","8.79","15.77","16.97","26.72","27.73","20.86","32.2","36","29.34","29.72","58.08","32.44","26.28","25.05","30.73","19.15","24.77","27.46","21.34","28.05","76.57","38.27","38.09","54.54","33.25","111.66","54.29","56.73","21.7","22.54","26.83","26.93"
"Mali","","0.08","2.44","9.56","7.11","17.24","21.61","24.95","17.2","27.89","23.22","22.09","29.84","37.81","70.61","115.89","143.97","87.04","110.2","157.08","187.53","266.42","228.01","208.84","218.37","319.57","378.65","378.69","360.15","435.38","447.18","479.17","449.68","429.69","369.96","440.15","540.41","490.17","429.33","346.82","354.39","288.04","351.74","420.48","556.23","585.3","724.59","869.2","1021.01","967.75","984.66","1091.46","1267.62","995.58","1397.56","1235.84","1204.13","1208.96"
"Malta","","12.33","9.77","8.84","17.24","19.6","16.54","17.44","16.12","16.85","15.05","19.56","16.04","15.04","27.49","21.53","33.65","30.32","31.17","39.53","51.8","15.93","49.37","25.08","44.03","11.41","18.33","6.83","-1.43","-2.83","-5.21","5.31","21.8","4.63","30.87","42.49","9.21","72.17","22.39","21.87","25.1","21.24","1.7","11.04","..","..","..","..","..","..","..","..","..","..","..","..","..",".."
"Marshall Islands","","..","..","..","..","..","..","..","..","..","..","..","..","..","..","..","..","..","..","..","..","..","..","..","..","..","..","..","..","..","..","..","0.28","7.68","32.25","49.36","38.88","72.94","63.01","50.41","62.98","57.23","74.01","62.49","56.66","51.28","56.77","55.11","52.19","52.49","58.95","32.63","82.32","83.85","93.74","55.7","57.06","12.34"
"Mauritania","","0.04","1.01","2.24","1.62","12.08","9.3","21.7","12.49","20.99","11.82","7.51","14.61","13.35","30.88","97.98","83.18","206.19","177.91","240.09","170.17","175.37","223.13","187.68","179.56","172.76","207.56","230.59","193.91","182.93","250.84","236.18","217.4","199.62","337.84","268.94","230.23","272.27","239.07","165.86","222.7","223.63","282.74","363.46","260.85","194.77","188.8","216.32","348.85","454.79","375.98","373.61","381.72","409.79","294.74","260.71","318","290.85"
"Mauritius","","0.53","5.5","4.29","5.81","2.15","2.19","4.38","5.18","9.64","5.4","6.01","9.24","10.56","13.72","24.97","28.42","17.03","22.36","43.78","32.04","33.09","58.28","47.71","40.14","33.41","26.64","54.02","62.6","57.31","60.34","88.29","67.32","45.69","26.74","14.84","23.82","20.33","42.06","40.41","41.82","20.75","21.28","23.85","-14.52","32.8","34.4","19.13","69.21","108.68","156.03","124.59","185.69","176.68","145.74","44.59","78.42","42.37"
"Mayotte","","..","..","..","..","..","..","..","..","..","..","..","..","..","..","..","..","..","6.9","12.91","18.15","22.65","14.87","12.72","14.59","13.96","20.8","28.3","38.8","43.48","43.33","60.51","72.16","74.73","83.32","104.67","107.75","129.69","104.25","104.37","111.75","103.19","120.19","124.88","166.04","208.45","201.34","337.64","407.24","475.53","544.26","603.85","..","..","..","..","..",".."
"Mekong Delta Project","","..","..","..","..","..","..","..","..","0.02","1.83","..","0.14","0.2","0.56","3.95","7.1","0.34","0.34","0.87","0.5","..","..","..","..","..","0.02","..","..","..","..","..","..","..","..","..","..","..","..","..","..","..","..","..","..","..","..","..","..","..","..","..","..","..","..","..","..",".."
"Mexico","","-2.19","68.12","28.94","15.63","-12.91","40.43","41.54","40.8","69.91","58.05","80.14","41.64","58.58","61.1","52.96","56.19","61.2","49.14","14.96","71.69","55.39","98.79","139.07","131.34","82.79","144.15","251.15","155.5","172.35","96.57","156.25","274.18","320.9","427.58","431.14","391.24","291.93","99.87","19.17","36.55","-45.34","98.7","141.64","120.93","140.98","201.91","250.81","119.34","147.81","189.22","462.28","973.17","407.93","562.39","814.89","321.07","809.31"
"Micronesia","","..","..","..","..","..","..","..","..","..","..","..","..","..","..","..","..","..","..","..","..","..","..","..","..","..","..","..","..","..","..","..","0.46","13.6","63.83","103.94","77.16","112.8","95.75","79.89","107.81","101.88","137.9","112.08","115","86.37","106.44","108.57","114.95","94.14","120.88","63.42","133.45","143.26","143.21","117.01","81.39","50.81"
"Moldova","","..","..","..","..","..","..","..","..","..","..","..","..","..","..","..","..","..","..","..","..","..","..","..","..","..","..","..","..","..","..","..","..","..","..","..","..","..","65.29","39.78","107.26","122.65","119.24","142.98","119.06","119.9","169.71","224.82","270.3","298.17","245.78","473.01","461.69","475.49","348.69","517.8","312.58","328.37"
"Mongolia","","..","..","..","..","..","..","..","..","..","..","..","..","..","..","..","..","3.4","3.4","3.4","3.4","2.4","2.4","2.4","2","2.12","5.17","6.52","4.68","3.83","6.09","13.05","70.64","122.78","122.87","183.07","209.02","199.97","250.97","203.72","223.49","218.45","213.84","209.69","252.07","256.47","221.02","205.75","229.23","247.9","371.91","302.99","351.12","446.53","430.52","316.91","236.34","325.5"
"Montenegro","","..","..","..","..","..","..","..","..","..","..","..","..","..","..","..","..","..","..","..","..","..","..","..","..","..","..","..","..","..","..","..","..","..","..","..","..","..","..","..","..","..","..","..","8.14","20.13","3.86","95.59","105.65","104.47","76.49","80.07","126.63","103.09","117.18","100.42","99.96","85.68"
"Montserrat","","..","..","..","..","..","0.83","..","..","..","..","..","..","..","0.03","2.7","4.48","3.37","3.16","1.38","1.39","3.62","3.43","4.03","2.17","1.82","2.2","3.77","3.39","5.66","7.11","8.35","9.32","7.25","9.79","12.82","9.47","14.42","42.75","65.65","40.91","30.94","33.01","43.53","36.59","44.46","27.8","32.37","36.33","34.74","44.08","25.75","46.64","40.33","54.95","40.06","52.39","38.75"
"Morocco","","59.8","111.33","79.79","94.51","101.38","106.61","98.21","62.21","92.69","77.63","85.56","132.52","101.45","94.16","114.75","270.11","251.51","605.69","428.86","537.38","1160.84","1044.1","850.54","446.78","339.77","865.86","427.78","425.79","483.26","499.12","1241.09","1532.67","953.6","780","683.52","500.56","649.59","471.56","531.21","681.94","447.38","493.85","364.39","584.39","780.6","732.64","1101.53","1219.23","1453.36","1045.96","985.5","1440.24","1471.14","2008.65","2240.15","1481.43","1992.34"
"Mozambique","","0.02","3.59","0.09","0.17","-0.04","..","6.85","18.03","0.02","0.03","0.08","0.12","0.13","0.11","0.69","20.33","69.87","79.8","104.08","143.9","167.06","140.25","204.51","207.01","254.32","295.69","420.03","665.21","916.6","805","997.51","1065.1","1459.68","1176.96","1199.94","1063.39","886.73","948.21","1039.95","818.67","907.39","961.47","2217.37","1049.52","1244.29","1289.86","1641.94","1784.99","1993.09","2013.6","1943.13","2065.47","2071.7","2312.7","2106.01","1814.74","1531.4"
"Myanmar","","35.66","21.38","28.56","42","21.36","17.11","16.78","12.82","15.51","28.63","23.03","40.84","44.34","70.49","66.7","57.64","70.74","101.47","273.6","362.79","307.91","282.01","316.42","298.57","267.56","344.09","399.45","350.27","435.43","174.57","160.77","177.01","113.98","100.15","167.07","150.16","38.92","49.38","72.14","81.05","105.64","125.67","119.03","125.02","123.45","144.83","145.71","195.89","534.59","355.96","354.92","379.95","504.53","3936.12","1384.46","1168.5","1533.99"
"Namibia","","..","..","..","..","..","..","..","..","..","..","..","..","0.02","..","..","..","..","..","..","..","..","..","..","0.01","..","5.27","14.58","16.53","22.12","58.5","119.62","180.45","142.34","152.55","137.1","190.37","185.92","165.16","180.83","178.63","152.41","109.51","135.02","148.38","175.33","113.38","149.33","220.85","205.49","331.13","261.33","278.21","252.44","261.04","226.22","142.38","170"
"Nauru","","..","..","..","..","..","..","..","..","..","..","..","..","..","..","..","0.01","..","0.01","..","0.02","0.03","0.03","0.02","0.03","0.03","0.05","0.04","0.06","0.18","0.05","0.16","0.38","0.41","0.42","11.12","2.53","3.25","2.62","2.12","6.55","4","7.26","11.72","16.14","13.75","9.24","17.52","25.61","31.24","23.51","27.78","37.53","35.62","28.75","22.52","31.25","23.43"
"Nepal","","8.62","10.73","9.04","16.22","19.49","17.88","15.18","13.97","10.9","10.84","23.43","23.84","30.13","35.2","32.02","43.66","49.63","77.48","75.79","133.76","159.99","178.22","196.79","197.87","193.93","230.62","295.01","350.29","408.36","497.88","422.84","448.76","430.87","363.41","446.62","429.56","389.23","401.87","400.86","348.5","386.42","388.99","342.91","464.48","425.94","423.13","527.67","616.82","697.02","853.75","814.41","886.63","769.68","873.33","883.82","1224.78","1065.92"
"Netherlands Antilles","","0.1","0.54","0.59","2.73","12.92","5.76","1.52","15.88","18.37","19.02","27.4","25.15","34.65","22.25","28.75","33.27","49.24","41.45","47.91","56.87","96.57","73.63","64.93","65.1","62.97","64.81","57.52","64.48","53.42","61.13","57.99","82.1","92.45","79.9","37.74","98.39","120.68","110.61","129.08","126.98","..","..","..","..","..","..","..","..","..","..","..","..","..","..","..","..",".."
"New Caledonia","","..","..","..","..","..","..","17.2","11.61","15.81","16.5","22.87","38.23","54.96","74.64","62.05","64.71","46.49","78.06","115.01","148.65","197.97","150.17","158.66","181.9","130.51","145.37","206.59","282.63","261.1","281.6","302.41","310.68","357.98","394.73","408.43","451.21","396.14","338.82","338.39","314.51","..","..","..","..","..","..","..","..","..","..","..","..","..","..","..","..",".."
"Nicaragua","","7.7","8.34","7.1","7.95","9.28","10.45","16.65","16.47","16.87","18.46","23.75","19.27","13.58","33.09","46.69","41.37","39.04","36.38","41.3","113.55","218.45","144.94","120.01","119.8","113.61","108.2","157.4","144.36","219.76","242.15","329.56","834.99","653.37","314.77","594.26","649.13","930.86","412.88","603.84","673.87","561.97","931.91","517.39","836.63","1241.44","764.52","739.93","837.34","738.51","774.5","660.39","691.5","532.32","495.8","432.17","457.92","430.51"
"Niger","","0.04","1.99","4.38","4.51","14.86","15.13","22.07","22.02","30.65","33.38","31.54","40.89","43.24","70.85","134.81","137.27","125.71","95.02","155.23","172.53","165.43","191.36","257.16","173.57","157.75","297.64","303.71","354.65","371.41","298.05","387.59","369.56","356.71","338.52","372.95","272.39","252.06","333.23","292.34","187.27","209.21","258.98","295.81","481.02","548.68","523.09","541.94","575.45","615.45","470.63","741.38","644.67","891.14","797.3","917.78","867.99","951.2"
"Nigeria","","32.64","30.39","30.98","20.72","44.97","75.31","68.36","72.8","68.8","85.11","107.54","107.11","83","76.38","72.61","81.38","51.82","42.01","40.15","25.74","34.4","39.25","34.95","46.75","32.39","31.71","58.12","67.62","118.08","344","255.08","258.32","258.82","288.42","189.66","210.96","188.75","199.84","203.34","151.99","173.8","167.82","299.55","309.85","578.77","6401.79","11431.96","1958.6","1293.72","1639.23","2052.36","1809.86","1916.17","2515.72","2478.6","2431.54","2500.71"
"Niue","","..","..","..","..","..","..","..","..","..","..","..","..","1.34","1.65","2.9","2.27","2.78","3.4","4.2","4.97","3.69","4.18","4.39","5.56","3.15","3.53","4.16","6.73","5.25","5.59","7.16","9.41","4.71","4.61","6.95","8.24","6.72","5.32","4.22","4.27","3.34","3.36","4.54","9.11","14.31","21.24","9.03","14.77","18.04","7.31","15.19","20.85","20.12","18.29","13.63","19.54","20.69"
"Northern Mariana Islands","","5","6.01","8.02","17.01","11.08","18.21","18.08","20.22","29.91","46.11","48.19","53.26","57.21","65.61","75.28","81.33","89.57","91.61","101.21","111.67","109.14","136.29","161.84","133.86","185.23","158.98","232.06","185.28","152.21","158.75","63.11","29.14","7.39","88.95","2.3","-0.7","-1.57","0.69","0.2","0.12","..","..","..","..","..","..","..","..","..","..","..","..","..","..","..","..",".."
"Oman","","0.25","0.33","0.44","0.36","4.06","1.84","0.62","0.94","0.05","0.04","0.07","2.04","9.86","22.54","169.63","140.13","170.44","363.25","60.62","243.84","219.33","252","136.54","71.23","106.43","77.58","103.85","44.92","5.1","24.69","68.2","13.09","39.63","129.68","155.47","75.09","82.93","100.4","555.74","53.15","79.67","8.31","76.97","64.31","100.34","19.04","54.07","213.98","74.65","144.49","-21.61","..","..","..","..","..",".."
"Pakistan","","253.56","252.74","379.79","485.78","510.32","498.86","372.66","481.82","400.66","327.91","420.83","426.04","304.73","282.35","471.18","747.32","1014.97","615.78","640.45","716.85","1180.88","820.78","913.58","726.05","727.48","767.49","913.1","815.8","1353.21","1410.71","1126.89","1419.82","1023.03","1062.79","1607.63","822.82","1039.17","902.09","1060.41","747.67","706.57","1946.77","2109.22","1072.78","1434.14","1616.73","2178.77","2294.21","1500.11","2762.39","3020.7","3498.04","2017.41","2194.47","3615.82","3747.53","2952.86"
"Palau","","..","..","..","..","..","..","..","..","..","..","..","..","..","..","..","..","..","..","..","..","..","..","..","..","..","..","..","..","..","..","..","..","0.01","0.01","201.89","142.32","63.02","38.38","89.12","28.84","39.13","34.28","31.46","25.83","19.78","23.67","37.39","22.41","42.94","35.62","28.75","27.98","15.46","35.42","23.48","13.93","17.69"
"Panama","","12.69","9.11","10.76","19.03","12.03","32.96","19.96","20.41","12.9","17.81","21.08","31.45","19.61","26.92","24.69","32.86","41.55","34.8","29.07","34.75","45.06","39.17","40.88","46.79","71.76","68.98","51.94","40.28","22.53","20.09","99.34","103.61","156.74","71.1","32.27","40.35","49.92","46.2","23.7","15.51","17.36","27.75","22.14","27.48","22.46","20.23","32.68","-133.69","29.74","62","127.16","110.17","51.35","9.21","-193.26","10.25","22.61"
"Papua New Guinea","","0.01","0.01","..","0.01","..","82.56","85.59","98.26","110.22","118.89","147.66","144.56","193.96","196.33","263.17","305.01","240.16","254.89","295.66","283.92","325.53","335.4","310.33","332.52","319.89","257.09","258.8","317.51","374.1","336.77","412.4","398.39","446.17","307.01","323.94","371.26","382.42","346.47","361.63","216.03","275.21","202.91","202.32","221.21","268.98","266.75","279.93","325.49","302.14","401.51","512.4","612.78","670.27","657.44","581.91","591.39","527.9"
"Paraguay","","9.32","9.07","3.89","10.22","10.55","9.55","12.4","17.76","20.64","18.58","18.84","22.88","25","24.52","34.91","36.95","41.13","47.88","42.81","30.34","30.47","54.48","85.04","51.26","50.34","49.99","66.17","80.75","75.87","93.37","57.19","145.39","98.13","128.69","95.11","139.34","88.48","108.14","76.73","80.25","83.44","63.21","58.48","52.4","22.31","51.22","56.08","108.01","134.82","148.69","121.01","93.08","104.57","130.71","62.42","60.18","88.92"
"Peru","","-11.84","-20.42","6.21","11.88","25.23","56.42","45.25","50.85","53.06","39.11","56.49","54.41","62.33","94.92","80.44","76.58","83.45","101.08","144","201.37","200.71","228.83","183.42","289.45","307.12","312.29","268.93","291.94","273.18","307","397.08","610.52","406.78","565","334.87","372.12","328.9","393.24","498.01","447.37","401.55","453.69","491.54","499.94","469.38","455.67","459.68","314.57","468.61","437.75","-296.31","597.81","385.56","363.66","328.3","334.83","320.21"
"Philippines","","51.73","19","30.51","21.96","73.18","92.4","42.02","82.96","65.21","80.6","46.04","72.82","163.22","222.12","157.45","176.84","184.97","181.15","247.52","266.98","298.53","374.84","330.96","423.11","380.12","458.79","918.98","730.8","819.08","822.45","1270.62","1050.25","1719.54","1490.32","1063.85","912.33","908.15","679.87","613.98","686.24","575.14","571.83","553.4","716.19","450.15","567.71","570","609.28","38.29","307.89","541.34","-183.73","-3.37","192.06","677.44","515.31","286.85"
"Qatar","","..","..","..","-0.02","..","..","0.01","0.01","..","0.04","0.06","0.1","0.2","0.3","0.51","0.77","1.26","0.84","0.14","0.17","0.54","0.85","0.86","1.05","1.33","1.86","2.35","2.83","1.83","4.99","2.97","2.88","2.92","3.77","3.22","3.74","..","..","..","..","..","..","..","..","..","..","..","..","..","..","..","..","..","..","..","..",".."
"Rwanda","","7.53","7.18","11.06","6.72","7.24","8.17","11.91","13.43","16.08","17.65","21.74","25.13","30.09","38.82","46.5","90.37","78.76","94.96","124.24","147.21","154.11","153.3","150.25","148.72","162.78","176.63","205.03","238.97","244.91","225.63","287.92","359.16","348.93","353.91","711.75","694.7","465.31","229.73","350.13","373.14","321.46","304.66","359.59","335.96","491.14","572.71","605.39","780.04","935.5","934.25","1033.09","1263.21","878.64","1086.29","1035.03","1085.33","1148.36"
"Saint Helena","","0.45","0.05","0.79","0.45","0.69","0.66","2.36","1.08","0.87","0.96","1.04","1.22","1.75","1.77","2.64","2.79","2.82","4.15","7.15","8.35","8.83","8.29","10.23","9.92","10","12.15","13.53","20.09","27.14","47.21","24.74","15.38","15.8","14.77","14.12","12.59","15.88","15.07","15.75","13.78","18.67","15.17","13.92","17.98","26.25","22.55","28.13","44.09","65.95","34.77","53.67","83.94","168.23","138.82","131.35","81.92","106.49"
"Saint Kitts and Nevis","","..","..","..","..","..","..","..","..","..","..","..","..","..","0.01","3.6","1.6","2.56","2.04","2.05","1.77","6.21","3.78","3.2","2.83","3.61","4.45","5.51","7.45","14.09","13.44","8.12","7.51","8.07","10.77","6.21","3.9","6.83","7.23","6.69","4.76","3.99","10.13","28.1","0.09","-0.08","2.61","5.24","3.44","46.82","3.21","11.48","15.76","21.74","30.05","..","..",".."
"Saint Lucia","","..","..","..","..","..","..","..","..","..","..","..","..","..","0.09","7.46","8.83","7.19","4.4","3.71","2.13","8.63","11.48","8.16","6.89","5.65","6.98","11.66","10.71","17.96","18.67","12.31","23.12","27.12","25.63","31.5","48.22","38.58","25.46","6.21","25.74","11.09","16.33","33.29","15.56","-21.67","10.68","18.64","19.44","16.69","38.99","41.15","35.29","26.8","25.36","19.37","13.76","15.23"
"Saint Vincent and the Grenadines","","..","..","..","..","..","..","..","..","..","..","..","..","..","0.12","3.66","5.98","4.42","3.95","4.44","5.7","9.7","9.14","7.58","5.26","3.96","5.49","12.41","13.34","16.95","15.3","15.37","15.93","18.13","13.69","12.62","47.64","26.32","5.94","20.66","16.49","6.3","8.12","4.57","6.27","10.58","7.86","4.8","65.85","26.28","28.78","16.85","17.76","8.31","8.52","9.89","13.5","9.18"
"Samoa","","..","0.03","0.09","0.17","0.21","0.23","0.42","0.78","1.09","0.51","1.49","1.95","3.07","3.42","5.5","12.98","11.11","20.04","19.89","29.65","24.66","24.86","22.58","26.57","20.05","19.07","22.78","34.62","29.97","30.87","47.55","56.92","49.12","52.41","48.27","43.2","32.35","27.41","35.95","23.4","27.5","43.12","37.48","33.24","31.05","43.68","47.14","37.47","41.02","74.71","148.2","97.71","117.29","113.01","93.99","93.72","87.64"
"Sao Tome and Principe","","0.11","1.01","..","..","..","..","1.06","0.38","0.21","..","..","..","..","..","..","0.84","11.65","3.04","3.98","2.95","3.82","6","9.84","11.58","11.17","12.21","12.35","17.22","24.43","44.5","54.12","51.01","56.43","46.49","49.93","84.09","47.4","33.42","28.06","27.52","34.94","38.18","26.09","37.85","33.68","32.7","23.06","51.07","47.29","30.46","50.19","73.48","50.7","53.75","41.38","48.95","47.03"
"Saudi Arabia","","8.01","-0.19","-10.25","-2.53","-0.43","0.35","0.32","0.43","0.5","1.36","1.46","1.91","2.23","2.73","3.61","2.99","1.78","6.69","6.15","10.73","12.83","25.44","46.34","42.37","35.1","27.48","30.18","21.32","18.71","13.61","14.66","13.79","49.81","29.07","16.72","16.99","14.08","1.38","16.59","22.15","21.96","13.11","16.78","13.79","20.24","25.11","24.3","-131.07","..","..","..","..","..","..","..","..",".."
"Senegal","","0.13","0.24","12.84","11.18","57.46","47.52","43.84","48.07","49.23","55.24","42.51","53.24","48.2","78.44","138.16","139.39","118.05","119.69","212.5","303.84","261.11","394.86","284.62","326.43","361.89","290.48","580.23","664.23","599.75","710.79","811.73","627.52","662.38","493.12","635.49","652.34","573.88","424.53","502.08","535.98","432.15","423.58","445.28","458.28","1066.34","701.35","869.36","865.33","1065.83","1017.99","936.4","1054.6","1075.78","994.48","1108.68","879.12","736.39"
"Serbia","","..","..","..","..","..","..","..","..","..","..","..","..","..","..","..","..","..","..","..","..","..","..","..","..","..","..","..","..","..","..","..","..","..","..","49.22","95.06","69.51","97.36","108.23","707.4","1134.27","1304.18","2084.64","1310.48","1159.7","1068.49","1579.59","842.46","975.89","623.14","661.47","1379.17","1087.78","780.27","367.05","312.48","633.42"
"Seychelles","","1.1","1","0.49","0.64","0.94","1.55","0.93","2.24","2.46","1.29","4.02","7.74","8.72","7.99","8.53","7.48","7.4","10.89","16.37","25.13","21.5","16.83","18.1","15.33","15.03","22.04","28.54","24.15","20.61","19.56","35.56","22.74","19.45","19.74","13.07","13.19","19.26","17.2","24.35","13.32","23.6","13.41","57.93","9.39","10.63","17.2","13.71","6.08","7.49","23.16","53.93","22.72","34.75","27.42","12","6.78","5.71"
"Sierra Leone","","6.72","14.97","7.6","9.79","10.06","17.52","10.22","7.49","10.73","8.81","6.63","10.41","10.2","14.08","10.32","16.63","13","25.28","39.31","52.92","90.56","59.6","81.75","64.8","57.91","63.8","90.49","66.01","101.52","98.66","59.32","103.27","133.06","206.47","273.73","212.27","182.52","118.01","106.53","73.73","180.64","334.63","383.21","337.17","376.23","339.98","380.34","550.53","379.34","447.29","458.3","423.89","439.75","449.07","914.03","946.33","693.15"
"Singapore","","-0.23","0.01","1.02","0.62","0.45","2.28","1.86","6.89","4.61","15.3","28.65","30.92","29.8","25.34","21.12","12.27","12.28","13.09","6.63","5.52","13.89","21.72","20.41","14.35","40.16","23.25","29.3","23.27","21.89","94.83","-3.1","7.77","19.94","23.64","16.86","16.66","..","..","..","..","..","..","..","..","..","..","..","..","..","..","..","..","..","..","..","..",".."
"Slovenia","","..","..","..","..","..","..","..","..","..","..","..","..","..","..","..","..","..","..","..","..","..","..","..","..","..","..","..","..","..","..","..","..","..","7.14","31.87","52.54","82.2","96.62","39.76","31.05","60.81","125.56","52.76","..","..","..","..","..","..","..","..","..","..","..","..","..",".."
"Solomon Islands","","1.84","2.01","2.31","2.95","2.91","4.23","5.31","6","6.69","7.45","8.22","7.07","12.56","11.63","12.02","22.3","19.86","16.72","26.56","26.3","44.53","31.11","28.41","27.45","19.35","20.84","30.03","56.82","58.31","49.41","45.66","36.61","45.57","56.13","47.89","47.69","42.62","41.77","42.63","39.67","68.25","58.77","26.18","60.14","121.32","198.4","204.64","246.18","224.31","204.96","340.49","339.39","305.1","289.83","200.52","190.03","181.5"
"Somalia","","21.47","23.21","23.77","30.45","21.75","28.67","50.23","14.41","31.9","32.96","27.62","30.57","29.73","50.96","80.95","165.4","101.15","234.95","263.04","274.09","479.96","382.38","473.88","341.03","347.59","350.71","506.5","587.07","431.72","419.15","514.81","186.42","653.66","892.12","535.12","187.93","88.18","81.18","81.32","115.7","102.23","149.3","152.72","176.18","201.28","240.22","396.17","393.74","765.87","661.64","505.68","1098.98","990.46","1054.58","1109.2","1253.37","1169.4"
"South Africa","","..","..","..","..","..","..","..","..","..","..","..","..","..","..","..","..","..","..","..","..","..","..","..","..","..","..","..","..","..","..","..","..","..","270.45","293.08","386.17","362.34","495.59","515.64","543.27","490.01","428.88","506.96","642.15","631.61","681.23","723.24","795.12","1114.91","1074.18","1036.27","1396.97","1065.83","1295.34","1077.4","1420.27","1181.39"
"South Sudan","","..","..","..","..","..","..","..","..","..","..","..","..","..","..","..","..","..","..","..","..","..","..","..","..","..","..","..","..","..","..","..","..","..","..","..","..","..","..","..","..","..","..","..","..","..","..","..","..","..","..","..","435.83","1186.26","1399.3","1964.12","1674.83","1590.1"
"Sri Lanka","","11.09","11.23","13.08","10.79","8.88","14.95","29.03","45.81","54.02","49.86","49.14","55.72","57.82","57.55","79.73","147.51","164.61","184.3","321.89","318.86","386.92","374.87","414.18","469.08","454.59","468.26","546.75","476.05","633.41","617.81","728.34","889.08","640.43","664.87","601.67","554.62","487.12","332.81","427.36","264.69","278.43","336.29","338.34","675.6","510.05","1164.9","788.09","609.76","721.84","704.2","579.62","613.46","490.89","403.17","491.63","427.23","365.12"
"States Ex-Yugoslavia","","69.89","165.08","165.77","154.91","101.07","76.59","115.37","3.15","-6.94","6.09","-39.18","-3.87","35.15","121.6","63.84","25.55","31.14","6.87","-45.11","-29.3","-17.03","-14.86","-7.8","2.53","2.78","10.29","18.31","34.85","43.75","42.9","46.03","158.06","1465.31","2500.73","1016","435.87","275.75","68.86","106.32","437.51","306.69","140.25","837","116.92","98.58","64.24","141.94","54.94","51.33","17.47","17.64","16.51","3.75","4.33","9.5","6.43","6.07"
"Sudan","","27.59","14.38","9.79","15.22","20.07","29.45","37.71","14.79","32.2","8.89","7.79","8.9","63.64","37.16","209.16","293.83","262.39","305.41","377.93","694.18","672.14","631.47","749.87","957.54","614.76","1124.71","934.74","890.49","930.47","741.92","848.24","867.11","536.31","447.9","408.29","237.43","218.1","138.94","211.21","246.34","225.29","192.26","304.93","620.23","994.58","1826.11","2048.44","2120.59","2566.43","2352.47","2025.85","1742.4","1369.13","1507.33","874.68","899.78","810.4"
"Suriname","","8.82","10.34","8.96","13.79","11.65","16.47","3.63","3.91","17.86","17.58","25.24","27.11","35.21","29.62","47.94","52.57","103.39","89.9","65.29","94.37","82.01","96.56","101.29","3.82","5.06","10.61","13.55","22.17","21.32","50.79","61.13","43.56","79.7","78.83","60.13","76.72","109.07","76.21","58.85","35.17","36.64","25.15","13.44","12.71","25.74","44.04","64.01","151.07","101.64","156.64","103.81","89.86","40.35","30.82","13.39","15.98","16.53"
"Swaziland","","8.49","11.44","6.79","6.49","12.75","15.22","10.59","9.56","7.89","9.79","6","2.06","8.71","10.45","14.32","14.46","13.27","27.47","43.45","48.47","48.14","35.21","26.36","32.38","28.93","23.97","32.93","43.54","38.27","29.66","53.63","52.92","56.01","54.21","57.78","57.75","33.05","28.44","34.96","29.15","13.13","29.15","22.16","34.19","21.92","46.71","34.78","50.67","70.01","55.77","91.14","124.09","89.62","117.79","86.37","92.63","147.45"
"Syrian Arab Republic","","18.39","16.2","24.98","2.71","4.7","3.27","20.29","5.81","5.22","10.99","21.84","21.68","54.55","425.78","771.5","827.48","795.52","1033.32","919.9","2054.88","1912.84","1810.65","1155.91","890.97","643.98","609.98","727.09","792.14","190.03","124.62","882.82","535.49","196.74","258.58","744.02","355.97","215.99","198.11","156.02","229.37","159.76","153.68","62.82","118.39","106.51","71.1","19.92","84.2","157.74","203.62","131.06","335.52","1671.6","3637.93","4174.31","4889.74","8869.64"
"Tajikistan","","..","..","..","..","..","..","..","..","..","..","..","..","..","..","..","..","..","..","..","..","..","..","..","..","..","..","..","..","..","..","..","..","11.84","25.96","66.5","65.08","103.14","85.94","160.59","122.5","124.09","165.56","168.8","147.98","248.54","252.44","241.98","234.77","287.43","405.8","433.13","349.12","394.23","390.55","356.46","426.35","333.7"
"Tanzania","","10.36","39.19","47.01","31.06","45.65","38.63","34.43","40.11","40.49","38.16","50.97","62.15","61.16","100.15","162.21","293.27","266.25","338.67","421.9","586.14","675.63","697.78","678.94","587.85","547.49","477.18","660.62","894.92","1007.85","906.89","1163.15","1073","1334.08","944.43","963.57","871.05","867.21","943.85","1001.5","991.94","1064.25","1274.9","1260.43","1725.76","1774.2","1492.45","1887.65","2823.81","2331.15","3127.2","2960.31","2441.83","2822.23","3433.24","2650.52","2582.24","2317.86"
"Thailand","","43.78","29.34","37.89","36.33","31.85","49.09","42.3","58.21","70.07","68.25","73.99","62.7","53.65","60.79","70.86","84.58","168.29","131.85","258.78","391.08","417.75","405.21","387.23","426.34","460.9","457.39","464.28","468.27","531.71","686.73","795.58","713.56","740.32","582.59","578.5","838.95","830.04","623.23","698.21","1014.14","698.58","282.15","295.21","-941.59","48.86","-167.49","-217.04","-310.99","-618.72","-75.78","-20.36","-134.12","-131.37","28.79","354.51","58.67","227.76"
"Timor-Leste","","..","1.64","..","..","..","..","..","0.32","..","..","..","..","..","..","0.01","0.25","0.45","..","0.01","0.46","0.5","0.25","0.23","0.45","..","..","0.3","..","0.02","..","0.1","0.94","0.13","0.42","0.23","0.02","0.08","0.43","1.67","152.82","231.27","194.17","219.05","175.03","161.24","184.62","209.14","279.96","277.7","216.6","291.46","278.71","283.64","258.57","249.54","212.29","227.7"
"Togo","","0.11","2.93","4.53","6.65","14.94","13.36","12.13","14.12","18.92","17.47","16.95","19.26","21.6","25.82","38.62","41.7","42.8","63.91","101.89","109.47","90.45","62.52","76.4","111.02","108.26","110.88","170.34","121.28","205.41","199.1","258.24","199.27","222.43","95.82","124.65","191.34","155.4","125.13","128.46","71.53","69.63","46.09","51.13","50.09","65.13","82.61","79.83","122.49","330.14","494.51","403.38","542.38","245.08","226.32","210.94","199.59","164.97"
"Tokelau","","..","..","..","..","..","..","..","..","..","..","..","..","0.42","0.44","0.88","0.21","1.2","1.17","0.96","1.77","1.9","1.42","1.93","1.81","1.84","1.73","1.99","1.82","3.72","4.56","4.78","4.44","4.27","2.87","3","3.73","4.88","4.41","3.58","4.66","3.52","3.88","4.78","6.42","8.44","15.98","10.93","12.89","21.43","9.82","14.6","20.04","18.74","24.06","18.69","8.73","9.09"
"Tonga","","0.01","0.02","0.07","0.05","0.06","0.5","0.61","1.32","1.58","0.59","1.35","0.71","1.17","1.34","3","3.27","4.43","6.67","9.47","23.79","16.38","18.03","17.36","17.91","15.63","13.36","14.9","21.19","18.67","24.51","29.75","19.29","23.7","31.23","35.16","38.84","32","27.52","24.68","21.19","18.93","20.38","22.48","27.73","19.53","32","21.56","30.93","25.71","37.35","70.42","93.48","78.18","81.09","80.33","68.4","79.72"
"Trinidad and Tobago","","..","0.08","0.55","11.52","12.03","16.24","9.04","2.14","8.62","6.7","5.78","6.25","4.39","4.2","5.72","5.39","4.71","5.5","4.46","4.06","3.93","-2.06","5.32","5.21","4.38","6.5","18.93","34.24","8.43","5.77","17.78","-2.21","7.46","1.43","21.14","24.86","16.5","33.03","13.78","26.2","-1.53","-1.73","-8.58","-3","-2.02","-1.98","13.39","20.8","9.29","6.84","4.33","..","..","..","..","..",".."
"Tunisia","","51.83","93.82","70.11","83.56","71.07","90.92","82.84","89.52","71.86","115.73","112.85","106.43","113.35","134.04","174.21","214.27","217.86","247.08","310.5","209.85","240.48","242.86","207.33","202.76","176.1","160.42","220.26","274.26","314.83","279.89","392.54","354.46","387.99","243.2","105.79","75.39","126.86","195.22","150.96","253.43","222.84","366.22","217.35","301.67","333.69","368.35","436.85","326.49","378.76","493.69","550.15","925.23","1022.13","714.66","922.7","474.54","627.43"
"Turkey","","137.31","188.28","229.59","222.67","162.08","189.41","202.97","197.73","174.63","172.15","175.8","203.59","232.51","82.92","50.19","58.49","126.03","93.01","175.61","583.42","952.93","727.1","647.5","355.86","240.48","180.1","339.96","378.87","281.78","144.91","1303.85","1610.03","356.27","447.73","198.35","313.56","246.08","6.76","28.09","12.45","328.57","133.26","273.44","167.64","288.88","399.33","569.26","795.66","1117.48","1356.24","1049.59","3288.27","3112.17","2847.84","3446.77","2145.22","3613"
"Turkmenistan","","..","..","..","..","..","..","..","..","..","..","..","..","..","..","..","..","..","..","..","..","..","..","..","..","..","..","..","..","..","..","..","..","6.59","31.09","26.58","30.7","23.64","20.82","27.53","25.35","35.53","74.93","44.11","28.84","54.04","29.05","41.11","28.77","18.15","40.68","43.8","40.82","37.66","35.91","34.48","23.62","32.99"
"Turks and Caicos Islands","","..","..","..","..","..","..","..","..","..","..","..","..","..","..","2.41","3.25","3.76","3.45","2.78","2.32","3.39","7.07","10.32","6.74","6.87","5.55","8.89","9.55","7.89","8.78","11.6","17.5","14.8","10.9","15.79","5.55","4.18","4.2","6.02","7.38","6.65","6.67","4.1","2.2","3.15","5.2","-0.42","15.39","..","..","..","..","..","..","..","..",".."
"Tuvalu","","..","..","..","..","..","..","..","..","..","..","..","..","..","..","..","0.05","2.94","2.38","2.85","4.1","4.91","5.35","6.23","4.21","5.47","3.33","4.3","25.68","13.97","6.92","5.06","5.01","8.06","4.25","7.37","7.85","10.34","10.13","5.19","6.78","4.03","9.51","11.71","6.31","8.07","9.12","15.41","11.81","16.2","17.71","14.01","38.91","25.48","27.59","34.3","49.65","33.67"
"Uganda","","20.6","21.23","28.77","19.59","22.49","20.12","23.58","21.58","22.22","27.5","32.9","31.76","40.83","22.15","17.53","51.84","20.94","16.72","39.49","47.26","113.35","135.66","131.35","136.71","162.07","179.48","191.56","298.95","391.59","516.5","663.1","663.28","724.95","609.99","751.97","833.96","674.88","813.44","658.1","607.68","855.93","828.94","732.98","1003.71","1222.24","1195.33","1589.23","1738.15","1643.39","1786.35","1690.14","1572.92","1642.5","1697.09","1633.68","1628.2","1757.13"
"Ukraine","","..","..","..","..","..","..","..","..","..","..","..","..","..","..","..","..","..","..","..","..","..","..","..","..","..","..","..","..","..","..","..","..","..","..","..","..","..","..","..","..","..","..","..","..","..","404.1","484.63","420.98","617.35","654.72","656.65","777.93","772.06","790.74","1403.82","1449.35","1523.13"
"United Arab Emirates","","0.41","0.54","0.43","0.39","0.58","0.02","1.3","1.57","1.13","0.87","5.29","5.61","4.68","0.76","0.59","4.05","1.04","34.86","1.69","7.03","4.08","0.33","4.69","4.31","3.32","4.05","34.18","114.68","-11.97","-5.93","3.54","-7.66","-9.73","-10.17","-8.03","5.41","..","..","..","..","..","..","..","..","..","..","..","..","..","..","..","..","..","..","..","..",".."
"Uruguay","","17.33","-0.57","1.95","12.27","4.42","0.32","5.95","6.09","51.9","20.02","14.64","11.63","24.04","18.54","11.17","12.08","13.13","17.23","10.2","13.96","9.62","7.08","3.57","2.51","3.81","4.79","26.43","17.58","40.63","38.32","52.43","48.82","68.78","112.54","73.36","66.26","35","34.99","24.82","22.66","18.59","16.22","14.41","16.4","23.66","17.62","23.84","37.15","33.07","52.16","47.52","18.93","17.36","36.52","91.57","23.18","18.36"
"Uzbekistan","","..","..","..","..","..","..","..","..","..","..","..","..","..","..","..","..","..","..","..","..","..","..","..","..","..","..","..","..","..","..","..","..","1.51","7.98","28.25","83.72","87.69","139.88","158.5","156.34","186.44","154.09","190.18","195.45","245.76","169.07","149.76","167.85","183.6","190.65","234.44","204.1","255.91","295.16","324.67","447.81","457.36"
"Vanuatu","","0.15","0.28","0.41","0.51","0.65","0.58","2.17","2.01","2.33","3.22","3.23","4.8","6.16","7.44","16.13","12.48","30.93","14.55","18.78","38.32","43.98","30.38","25.87","26.77","24.27","21.63","24.27","50.89","38.93","39.51","49.53","52.24","39.83","34.98","41.72","45.58","31.07","27.23","40.71","37.28","45.8","31.62","27.52","32.66","38.2","39.89","49.01","56.84","92.41","100.15","107.86","91.09","101.94","91.34","100.41","186.56","128.64"
"Venezuela","","-7.49","-4.88","68.89","47.72","-51.7","3.8","30.47","20.53","54.01","13.99","9.8","10.21","21.25","15.88","7.83","18.16","-0.5","-0.23","-14.77","6.52","15.18","13.76","12.35","9.47","14.07","11.14","15.94","18.33","22.69","59.8","76.36","28.11","33.39","40.75","26.2","43.32","37.78","9.01","42.37","44.66","78.56","46.66","58.55","82.81","46.97","49.17","57.69","73.52","60.69","59.43","53.34","49.78","50.79","37.83","43.13","36.59","43.37"
"Viet Nam","","191.85","167.11","176.03","226.67","244.99","314.15","515.38","459.4","449.6","464.36","435.81","464.18","576.95","477.49","705.94","389.74","233.27","295.9","416.96","381.92","276.91","273.06","247.89","149.72","152.39","152.84","191.42","127.21","163.97","124.55","180.55","227.3","566.22","252.61","904.3","834.8","937.21","999.46","1178.54","1429.86","1682.99","1431.86","1276.12","1767.59","1837.33","1910.9","1852.32","2510.44","2549.02","3738.59","2948.09","3619.28","4113.31","4085.6","4215.62","3157.36","2893.13"
"Wallis and Futuna","","..","..","..","..","..","..","..","..","0.62","..","0.22","0.18","0.21","0.33","4.83","2.24","4.88","3.65","2.46","7.7","8.3","8.6","7.3","1.62","1.6","0.18","0.1","1.24","1.12","0.05","0.93","1.51","0.78","0.01","0.06","0.95","1.56","0.55","47.28","50.4","52.14","50.33","52.73","55.5","72.8","72.03","102.38","117.11","130.53","117.67","127.44","130.12","120.01","105.53","99.52","106.14","84.86"
"West Bank and Gaza Strip","","..","..","..","..","..","..","..","..","..","..","..","..","..","..","..","..","..","..","..","..","..","..","..","..","..","..","..","..","..","..","..","..","..","178.74","471.98","514.11","552.41","613.03","612.57","580.55","684.5","997.59","971.61","1041.84","1160.84","1015.71","1360.25","1717.11","2470.08","2827.67","2512.56","2434.74","2006.11","2602.33","2487.84","1871.21","2401.79"
"Yemen","","14.69","14.88","18.08","21.58","23.33","31.54","38.58","25.12","6.2","4.76","16.86","31.85","51.1","63.6","181.69","251.38","480.76","446.86","396.92","360.85","574.32","509.78","613.35","436.61","560.1","431.15","345.82","488.7","305.35","374.28","449.83","296.35","253.77","313.74","171.7","171.79","252.27","355.4","394.24","460.83","312.8","371.83","216.5","244.06","266.51","296","287.81","242.9","429.12","559.3","667.08","477.55","711.82","1039.63","1163.44","1531.38","1926.41"
"Zambia","","0.92","0.91","5.88","5.38","20.99","10.86","29.19","61.03","30.3","20.25","13.24","21.39","21.52","44.91","57.1","86.2","61.61","107.99","183.99","276.71","317.21","230.8","315.49","214.99","235.73","319.29","451.31","422.37","474.78","366.72","474.81","877.97","1030.78","866.92","715.13","2030.67","608.06","609.69","348.15","623.21","794.65","570.84","810.73","770.45","1128.45","1169.05","1470.27","1022.49","1114.7","1270.82","919.32","1033.47","957.14","1145.25","997.73","797.14","962.58"
"Zimbabwe","","..","0.01","..","10.86","4.57","3.72","0.4","0.38","2.1","0.65","0.59","0.65","0.83","0.85","1.58","4.03","6.27","6.69","9.22","12.49","160.64","174.67","213.38","207.45","296.8","235.3","222.94","291.18","270.16","260.91","334.26","388.68","790.18","499.31","561.38","491.5","371.76","336.64","261.34","244.63","175.64","160.21","199.13","186.92","187.3","372.94","278.24","477.46","612.75","736.55","712.53","722.58","1001.59","827.54","760.57","788.29","654.67"
